threads,backend,median_ms,mean_ms,p95_ms,fps,speedup
1,Original eager PyTorch,8.262250,8.291366,8.690100,121.032407,1.000000
1,Fused TorchScript,3.237300,3.285783,3.580600,308.899392,2.552204
1,ONNX Runtime,6.772550,6.793790,7.361300,147.654872,1.219961
2,Original eager PyTorch,4.426450,4.509218,5.013300,225.914673,1.000000
2,Fused TorchScript,1.835800,1.874573,2.107300,544.721645,2.411183
2,ONNX Runtime,4.107400,4.161094,4.669600,243.463019,1.077677
4,Original eager PyTorch,2.510300,2.743132,3.702000,398.358763,1.000000
4,Fused TorchScript,1.071500,1.138129,1.592300,933.271107,2.342790
4,ONNX Runtime,2.933650,3.023721,3.938900,340.872292,0.855692
